d,n_train,seed,noise_frac,sigma,tau_true,A_hat,tau_hat,G_dagger,G_star,fits,rmse,G_bullet,A_anchor,tau_target,A_ratio,tau_ratio,delta_proxy
20,300,0,0.1,0.06591582594912657,0.004344896110555547,0.2634429037586743,0.13223221157983564,1.8377277370049403,4,4,0.4255848042470321,2.680057661735535,0.25402328895752446,0.004273245254044793,1.0370816976656219,30.94421305556303,0.001617245660381669
20,300,1,0.1,0.06481189977077904,0.004200582351897509,0.10427953524588365,0.11654177024696045,1.6813394903121037,4,4,0.38759080684933533,2.680057661735535,0.25402328895752446,0.004273245254044793,0.41051171203172776,27.272427234699233,0.0035977278750447747
20,300,2,0.1,0.058302057498296034,0.0033991299085346168,0.12238635634411162,0.1349294078236925,1.6838831829930707,4,4,0.46176097986415326,2.680057661735535,0.25402328895752446,0.004273245254044793,0.48179187367570847,31.575395232926677,0.003550636051466347
20,300,3,0.1,0.06517429244925607,0.004247688396261157,0.09879014277018953,0.09042895954013554,1.7190459311782802,4,4,0.29836306704188975,2.680057661735535,0.25402328895752446,0.004273245254044793,0.38890191200818736,21.161659152266303,0.002961779036212488
20,300,4,0.1,0.06556525079513102,0.004298802111828429,0.19947172110165337,0.10872571152576958,1.8209724259626685,4,4,0.3085441108521484,2.680057661735535,0.25402328895752446,0.004273245254044793,0.7852497380073182,25.4433586330802,0.0017609227051246787
20,300,5,0.1,0.06306982344262478,0.003977802629083862,0.11204079929578867,0.1722223464649,1.622834440792575,4,4,0.4023124042205625,2.680057661735535,0.25402328895752446,0.004273245254044793,0.4410650683076666,40.30247182791225,0.0048839351308299014
20,300,6,0.1,0.06645062178638271,0.004415685135796881,0.15028625353083672,0.1464784767076079,1.7070982999354543,4,4,0.41017546415413864,2.680057661735535,0.25402328895752446,0.004273245254044793,0.5916239182147046,34.278041160628526,0.0031495119060232345
20,300,7,0.1,0.06638102725450093,0.004406440779362795,0.1332718544313019,0.1627541142589086,1.6648549800524317,4,4,0.4256352859558931,2.680057661735535,0.25402328895752446,0.004273245254044793,0.5246442362754639,38.08677119686858,0.003919249049856056
20,300,8,0.1,0.06470451712313142,0.004186674536137608,0.16606990542410668,0.11174147106395048,1.7788517551979028,4,4,0.3803407840428058,2.680057661735535,0.25402328895752446,0.004273245254044793,0.6537585829458158,26.149089139731174,0.0021815256331490437
20,300,9,0.1,0.07023443771103588,0.004932876240585379,0.16789570366251635,0.2210624158403042,1.650992456700916,4,4,0.5184445084856406,2.680057661735535,0.25402328895752446,0.004273245254044793,0.6609461059713717,51.7317407960753,0.004213040938910446
20,300,10,0.1,0.07012917393167395,0.004918101036338977,0.15042726121103084,0.18696341434655364,1.6616054309560992,4,4,0.431154835628962,2.680057661735535,0.25402328895752446,0.004273245254044793,0.5921790156657013,43.75209079553426,0.0039861220402230505
20,300,11,0.1,0.0638555515819852,0.004077531467839573,0.11387675277726748,0.21179478038353133,1.5888317151834668,4,4,0.4392693133712267,2.680057661735535,0.25402328895752446,0.004273245254044793,0.4482925689396493,49.56298264955874,0.005849021988160854
20,300,12,0.1,0.06019106387070507,0.0036229641698872967,0.03901131032544627,0.19544213664170318,1.4231853268568069,4,4,0.4258253564354195,2.680057661735535,0.25402328895752446,0.004273245254044793,0.15357375493224715,45.73623207250031,0.01463971965581895
20,300,13,0.1,0.05958644524021396,0.003550544456365017,0.10888936694108761,0.12194982727306955,1.6809467184177471,3,4,0.4713587574971442,2.680057661735535,0.25402328895752446,0.004273245254044793,0.4286589918111608,28.537989285225155,0.003605057504575504
20,300,14,0.1,0.06829924775849809,0.0046647872443767065,0.13253220590595685,0.1088689296075167,1.7398464673336684,4,4,0.32317513307322276,2.680057661735535,0.25402328895752446,0.004273245254044793,0.5217325011806997,25.476873695575517,0.002662135171008587
20,300,15,0.1,0.06674488455862611,0.004454879614744326,0.131606209900208,0.2064045506443894,1.6192140459783113,4,4,0.4695820975912592,2.680057661735535,0.25402328895752446,0.004273245254044793,0.5180871818497478,48.30159243704055,0.004978100462744611
20,300,16,0.1,0.06649888112114917,0.0044221011903647295,0.19664925957995816,0.14531604091150255,1.7604259947725316,4,4,0.4038999839185,2.680057661735535,0.25402328895752446,0.004273245254044793,0.7741387035298174,34.00601469666532,0.0023963681381680623
20,300,17,0.1,0.05999781927478041,0.0035997383177292113,0.13733045499432153,0.1320905323725688,1.7096113158159227,4,4,0.3596086321831495,2.680057661735535,0.25402328895752446,0.004273245254044793,0.5406215137120153,30.911058111523076,0.00310902190199263
20,300,18,0.1,0.06397413205002128,0.00409268957155356,0.15121239669042796,0.14997957221457728,1.7037865718737126,4,4,0.4192635963738643,2.680057661735535,0.25402328895752446,0.004273245254044793,0.595269816838378,35.097347167849954,0.0032037114959665176
20,300,19,0.1,0.07112379057913094,0.005058593586344076,0.19413329417282146,0.1481826501102767,1.7540976544153104,4,4,0.3720689613180423,2.680057661735535,0.25402328895752446,0.004273245254044793,0.7642342360399984,34.67684190838708,0.0024750560938220246
20,600,0,0.1,0.061421719406678656,0.0037726276148727653,0.29811552249568507,0.005730131393438302,2.85206254944213,8,7,0.06441985224252726,2.905222200579123,0.25402328895752446,0.004134955449367574,1.173575555686681,1.3857782661998703,6.420491530742143e-07
20,600,1,0.1,0.05923989846560003,0.0035093655702146008,0.1940019091153377,0.004436017152017965,2.797566592125536,8,7,0.06335957516813975,2.905222200579123,0.25402328895752446,0.004134955449367574,0.7637170194571294,1.0728089350264796,2.81409282878477e-06
20,600,2,0.1,0.06263590375243552,0.003923256438884366,0.2769078706057861,0.005454135834302994,2.844330598403604,8,7,0.06711285957662992,2.905222200579123,0.25402328895752446,0.004134955449367574,1.0900885180338256,1.3190313417130488,8.502390065168825e-07
20,600,3,0.1,0.061684256046841024,0.0038049474440522433,0.14193976235741826,0.005063193321981665,2.662693649183432,8,7,0.05891572133823332,2.905222200579123,0.25402328895752446,0.004134955449367574,0.5587667293810694,1.2244855800698076,1.7049757363029054e-05
20,600,4,0.1,0.0695098743246971,0.004831622628635185,0.26168279322367693,0.006279358942990061,2.7826099428228748,8,7,0.06918473330148472,2.905222200579123,0.25402328895752446,0.004134955449367574,1.0301527639358816,1.5186037721278147,3.7193552084505534e-06
20,600,5,0.1,0.06552296200334515,0.004293258549691812,0.26054863517451304,0.0059932594646135455,2.795715642210056,8,7,0.07170117229768128,2.905222200579123,0.25402328895752446,0.004134955449367574,1.025687984136288,1.4494133100104363,2.918414512258693e-06
20,600,6,0.1,0.06412809827407628,0.004112412988249586,0.276291913400605,0.005238869085486175,2.856378734227062,8,7,0.06986373191514088,2.905222200579123,0.25402328895752446,0.004134955449367574,1.087663711994549,1.266971107581689,5.392397401186291e-07
20,600,7,0.1,0.07154702804240357,0.005118977221700482,0.32616411948754565,0.005495706349355029,2.8941015610375493,8,7,0.06684409498306935,2.905222200579123,0.25402328895752446,0.004134955449367574,1.2839929788566904,1.3290847789413491,2.6741902653436636e-08
20,600,8,0.1,0.060871494125157535,0.0037053387970290884,0.27146044604880953,0.005342431623129766,2.8445913006404817,8,7,0.06576075364318225,2.905222200579123,0.25402328895752446,0.004134955449367574,1.0686439308885602,1.2920167311468547,8.427101975270112e-07
20,600,9,0.1,0.0670420290881919,0.004494633664261969,0.32777724252571927,0.007915909411170716,2.780630149020452,8,7,0.08226711826084301,2.905222200579123,0.25402328895752446,0.004134955449367574,1.2903432747086716,1.9143880769940158,3.850032784328541e-06
20,600,10,0.1,0.06183456620161633,0.0038235135773420723,0.31866084182780463,0.0056613092507173226,2.877120940845425,8,7,0.07162282525528045,2.905222200579123,0.25402328895752446,0.004134955449367574,1.2544552239109394,1.369134279689325,1.7417244733486988e-07
20,600,11,0.1,0.05849870677025585,0.0034220986937923774,0.26559309681624144,0.0063532968225393964,2.7835767467051458,8,7,0.0704356817032984,2.905222200579123,0.25402328895752446,0.004134955449367574,1.0455462485593263,1.53648495137018,3.656477907182463e-06
20,600,12,0.1,0.05825223528269996,0.003393322915431034,0.24250516979351922,0.005795766164886445,2.7838562939805835,8,7,0.06795274869704421,2.905222200579123,0.25402328895752446,0.004134955449367574,0.9546572315818995,1.4016514170117325,3.638411381960433e-06
20,600,13,0.1,0.06675574976933313,0.00445633012726582,0.2691676200921619,0.005971481369057393,2.8069786429676595,8,7,0.07063926354300172,2.905222200579123,0.25402328895752446,0.004134955449367574,1.0596178846309234,1.4441464828770305,2.316339062577422e-06
20,600,14,0.1,0.06958964726928761,0.004842719007063868,0.2683030717330482,0.00588613761952086,2.810467044894999,8,7,0.06500451424878938,2.905222200579123,0.25402328895752446,0.004134955449367574,1.0562144629893027,1.4235069014881703,2.1455046881318357e-06
20,600,15,0.1,0.07002605487133373,0.004903648360843043,0.34178020910673385,0.007497401896974682,2.8104964438966897,8,7,0.07751275178810678,2.905222200579123,0.25402328895752446,0.004134955449367574,1.3454680100763647,1.8131759794706814,2.1440958444625055e-06
20,600,16,0.1,0.06491450090524968,0.004213892427777662,0.2851904057959149,0.006041315978695852,2.821423562503361,8,7,0.06855479097515427,2.905222200579123,0.25402328895752446,0.004134955449367574,1.1226939347423455,1.4610353249682169,1.6556028683817727e-06
20,600,17,0.1,0.06023646002537012,0.0036284311163880126,0.2598153706102745,0.004793020521622344,2.8651062992596024,8,7,0.058901644987501355,2.905222200579123,0.25402328895752446,0.004134955449367574,1.0228013804423992,1.1591468349085645,3.60001780906399e-07
20,600,18,0.1,0.06671703117031699,0.004451162248181049,0.2994735678281433,0.007136528702864134,2.7847548109681246,8,7,0.0724462534027057,2.905222200579123,0.25402328895752446,0.004134955449367574,1.178921700672172,1.7259021990081271,3.5806882107041263e-06
20,600,19,0.1,0.06447866244336618,0.004157497910485561,0.28195588067937977,0.0056303057298708135,2.839996657136266,8,7,0.05833736177531176,2.905222200579123,0.25402328895752446,0.004134955449367574,1.109960751380264,1.361636370406832,9.806781450135945e-07
20,1200,0,0.1,0.06458285130997347,0.004170944683326142,0.2889512505189326,0.004086475455860507,3.1872269737639707,15,7,0.04328929511878755,3.135556127196141,0.25402328895752446,0.004161822618264689,1.137499052566194,0.9818956334002532,2.5181657005901494e-07
20,1200,1,0.1,0.05962892148399062,0.0035556082773439183,0.17593790586650573,0.003710569669020789,3.0487997069515957,15,7,0.03877586031711385,3.135556127196141,0.25402328895752446,0.004161822618264689,0.6926054165684176,0.891573238305852,8.239942057468113e-07
20,1200,2,0.1,0.06044471965237583,0.0036535641338543085,0.2295511135488971,0.003940866990286085,3.119311617570582,15,7,0.037467628860666624,3.135556127196141,0.25402328895752446,0.004161822618264689,0.9036616858672379,0.9469089271107057,2.6729165580701136e-08
20,1200,3,0.1,0.060201638877289715,0.0036242373235116005,0.1539043342965312,0.0035504794682688413,3.018565457576892,15,7,0.03579006653233409,3.135556127196141,0.25402328895752446,0.004161822618264689,0.6058670247445923,0.8531068702176564,1.5510200439439073e-06
20,1200,4,0.1,0.07056871227027749,0.004979943151485212,0.29658974943047994,0.005078327822181148,3.1202277400005816,15,7,0.04502299279548765,3.135556127196141,0.25402328895752446,0.004161822618264689,1.1675691258374072,1.2202172672843525,2.377592840863878e-08
20,1200,5,0.1,0.06238604608802372,0.0038920187464970197,0.23680793942978873,0.004151033202081977,3.1120995202716846,15,7,0.03980377533190387,3.135556127196141,0.25402328895752446,0.004161822618264689,0.9322292471749929,0.9974075261796691,5.6166651012936556e-08
20,1200,6,0.1,0.0643973338485959,0.004147016606807516,0.26176289430151994,0.004180282800951943,3.1444835340539425,15,7,0.04262482582888945,3.135556127196141,0.25402328895752446,0.004161822618264689,1.0304680935978654,1.0044356005482404,7.859092570033487e-09
20,1200,7,0.1,0.0651059384061888,0.004238783215750451,0.29135626513884444,0.004152220865124063,3.1845113124088336,15,7,0.041705800533088165,3.135556127196141,0.25402328895752446,0.004161822618264689,1.1469667459803754,0.9976928970738715,2.2667406367557095e-07
20,1200,8,0.1,0.060428719336769965,0.003651630120682116,0.24873736514104355,0.003692527349488305,3.170101561436472,15,7,0.035750497137963015,3.135556127196141,0.25402328895752446,0.004161822618264689,0.9791911842486034,0.887238041641462,1.145646578768855e-07
20,1200,9,0.1,0.06583317555539002,0.004334007003706802,0.31268876289638403,0.004419885927782065,3.1874108825738774,15,7,0.04354408665140156,3.135556127196141,0.25402328895752446,0.004161822618264689,1.230945257734495,1.0620072821904594,2.535644591631389e-07
20,1200,10,0.1,0.06572506469030084,0.004319784128544231,0.30069723995106407,0.004290516671481652,3.184084366147184,15,7,0.043835437280897685,3.135556127196141,0.25402328895752446,0.004161822618264689,1.1837388657751928,1.030922522418945,2.228353743241574e-07
20,1200,11,0.1,0.06393629840169973,0.004087850253311192,0.29551704960217423,0.004184664345206786,3.1867754459020885,15,7,0.04158936718857274,3.135556127196141,0.25402328895752446,0.004161822618264689,1.1633462853541274,1.005488395118488,2.475494625940079e-07
20,1200,12,0.1,0.060040064096565066,0.0036048092967196415,0.23185064928988733,0.0034657767408849487,3.1676615987450796,15,7,0.0344551302428819,3.135556127196141,0.25402328895752446,0.004161822618264689,0.9127141461767915,0.8327545546210801,9.920383359408739e-08
20,1200,13,0.1,0.06563523449140511,0.004307984006741736,0.24798106223460661,0.004222625435655096,3.1221446598397713,15,7,0.043034659398705384,3.135556127196141,0.25402328895752446,0.004161822618264689,0.9762138867356837,1.0146096609508453,1.8163654890812446e-08
20,1200,14,0.1,0.06821969179204847,0.004653926348202085,0.23461689146823417,0.004558003744078384,3.07674681333259,15,7,0.0397871864797897,3.135556127196141,0.25402328895752446,0.004161822618264689,0.9236038649490312,1.0951941402007388,3.6697515826443006e-07
20,1200,15,0.1,0.06543804974218918,0.004282138354061226,0.3000692652408978,0.004094407091735807,3.1999360845615232,15,7,0.04300881691632636,3.135556127196141,0.25402328895752446,0.004161822618264689,1.1812667510618395,0.9838014416489014,3.8588277371848136e-07
20,1200,16,0.1,0.0644414505827052,0.004152700553203236,0.2730901918432576,0.004319535320662802,3.147837319701861,15,7,0.04330385985206358,3.135556127196141,0.25402328895752446,0.004161822618264689,1.0750596646629567,1.0378951043482656,1.482059272891632e-08
20,1200,17,0.1,0.061196889130861604,0.003745059239294967,0.26191080047388066,0.0034758385985838975,3.209827338239106,15,7,0.03997108346331627,3.135556127196141,0.25402328895752446,0.004161822618264689,1.0310503479768545,0.8351722111677072,5.08439963658471e-07
20,1200,18,0.1,0.06646842823213242,0.004418051951650138,0.27694871179428715,0.004140705675270337,3.1675945404871353,15,7,0.03806477620185351,3.135556127196141,0.25402328895752446,0.004161822618264689,1.0902492953730556,0.9949260348334698,9.879674425647888e-08
20,1200,19,0.1,0.06569634757199314,0.004316010084300128,0.2703356668029712,0.0037432410027144285,3.194721304169568,15,7,0.042232177030500063,3.135556127196141,0.25402328895752446,0.004161822618264689,1.0642160721262623,0.8994234848661589,3.276380362608137e-07
20,2400,0,0.1,0.06202183950878712,0.0038467085760537467,0.2822874098832442,0.0038649354152343516,3.4548125512318077,15,7,0.024736780985294422,3.386757353058654,0.25402328895752446,0.004159949323775434,1.111265864802049,0.929082331158463,1.9979671477102267e-07
20,2400,1,0.1,0.06270822315836905,0.003932321251679812,0.1731126903245418,0.003981388737907145,3.2613407145691853,15,7,0.026510098331402925,3.386757353058654,0.25402328895752446,0.004159949323775434,0.6814835404854874,0.9570762593554305,8.239313030996361e-07
20,2400,2,0.1,0.060094878425831194,0.0036113944130154313,0.23549201837107003,0.0037513053249729968,3.397178218011041,15,7,0.02551952624369011,3.386757353058654,0.25402328895752446,0.004159949323775434,0.9270489305822938,0.901767072866271,4.951128744728854e-09
20,2400,3,0.1,0.06097417770921148,0.003717850347314502,0.1517794188330794,0.003672054869737356,3.243043443422964,15,7,0.024123326048413253,3.386757353058654,0.25402328895752446,0.004159949323775434,0.5975019828140979,0.8827162505923796,1.103359049172114e-06
20,2400,4,0.1,0.06992934179327814,0.004890112843641117,0.3026434508014358,0.004622965399599683,3.4130482673220452,15,7,0.028602764922843353,3.386757353058654,0.25402328895752446,0.004159949323775434,1.1914004107396672,1.1113032971767143,3.1031505818895824e-08
20,2400,5,0.1,0.06301831049014232,0.003971307457031982,0.23965735754698847,0.004186722466754192,3.362523395670739,15,7,0.02573508151800333,3.386757353058654,0.25402328895752446,0.004159949323775434,0.9434464002513638,1.006435930078701,2.7709139062268755e-08
20,2400,6,0.1,0.0655676307566932,0.00429911420304606,0.24582063963174447,0.0041926754756692105,3.3714912303594637,15,7,0.025916643409320053,3.386757353058654,0.25402328895752446,0.004159949323775434,0.9677090657339235,1.0078669592696083,1.0898066776755203e-08
20,2400,7,0.1,0.06608278162253799,0.004366934026972045,0.28122039523643727,0.004283255121271092,3.4141506331926808,15,7,0.028727041503759973,3.386757353058654,0.25402328895752446,0.004159949323775434,1.1070654048710489,1.0296411777881345,3.3652422003850385e-08
20,2400,8,0.1,0.06034336340992028,0.003641321507621706,0.2405080488486559,0.00357584149558712,3.423315724248677,15,7,0.025943874572968786,3.386757353058654,0.25402328895752446,0.004159949323775434,0.9467952715503638,0.8595877539060508,5.941050203300802e-08
20,2400,9,0.1,0.06670673997095201,0.004449789157552207,0.31610120272399606,0.004464984506289245,3.4428628837698465,15,7,0.02923250221820717,3.386757353058654,0.25402328895752446,0.004159949323775434,1.2443788284973025,1.073326658276926,1.373370825882305e-07
20,2400,10,0.1,0.0667057628650533,0.004449658799408723,0.3087079043096106,0.0046796500446925305,3.4159518007270084,15,7,0.02908014530846659,3.386757353058654,0.25402328895752446,0.004159949323775434,1.2152740230098746,1.1249295797780134,3.8156858219557614e-08
20,2400,11,0.1,0.0638004240572655,0.004070494109886903,0.2818254244482829,0.003981714087323689,3.4427782410919856,15,7,0.02617351776766614,3.386757353058654,0.25402328895752446,0.004159949323775434,1.1094471912589372,0.9571544693025288,1.3693402112953672e-07
20,2400,12,0.1,0.059757863628718204,0.003571002265468482,0.2281135295094177,0.003647412894232756,3.3957638490477877,15,7,0.024056129939783684,3.386757353058654,0.25402328895752446,0.004159949323775434,0.898002425075131,0.8767926266280771,3.70347471065997e-09
20,2400,13,0.1,0.06531974532862558,0.004266669129796504,0.24446652140305566,0.004464248139045325,3.3460075932651256,15,7,0.026228804506152004,3.386757353058654,0.25402328895752446,0.004159949323775434,0.9623783803694204,1.0731496447638742,7.965870531690539e-08
20,2400,14,0.1,0.06765241584683017,0.0045768493699124375,0.22573312295896109,0.004607518934470757,3.3048784275596725,15,7,0.027158860673769852,3.386757353058654,0.25402328895752446,0.004159949323775434,0.8886316049419634,1.1075901593650002,3.354427445945293e-07
20,2400,15,0.1,0.06518745690440735,0.004249404537663965,0.28962753225378324,0.004295480539245005,3.424258890761659,15,7,0.027514620489481775,3.386757353058654,0.25402328895752446,0.004159949323775434,1.1401613349798498,1.0325800159860044,6.245884201421599e-08
20,2400,16,0.1,0.06373811001567851,0.0040625466683707374,0.2733306941780932,0.004191501580343227,3.4115712420318154,15,7,0.02711907575022743,3.386757353058654,0.25402328895752446,0.004159949323775434,1.076006437440455,1.0075847694555944,2.768230897246958e-08
20,2400,17,0.1,0.05869003604437622,0.00344452033089018,0.24547797444302838,0.0034936581993133633,3.4399801509747925,15,7,0.02427043624670262,3.386757353058654,0.25402328895752446,0.004159949323775434,0.9663601138715869,0.8398319131788445,1.2392589685250024e-07
20,2400,18,0.1,0.06729421433400633,0.004528511282831183,0.2627741736938052,0.004495622325127299,3.3703405151569705,15,7,0.02617342009246315,3.386757353058654,0.25402328895752446,0.004159949323775434,1.0344491435103966,1.0806916082927709,1.261734339024715e-08
20,2400,19,0.1,0.06675630775369078,0.004456404624905475,0.27886577608433244,0.0046958875772922445,3.3762823209919697,15,7,0.03047711357374177,3.386757353058654,0.25402328895752446,0.004159949323775434,1.0977961006203723,1.1288328803559584,5.10666644967751e-09
20,4800,0,0.1,0.06331846537703269,0.004009228057702487,0.280437256055458,0.00408518292575908,3.7057883933756846,15,8,0.01799276207372674,3.6556768416552186,0.25402328895752446,0.004182775863372393,1.1039824624204053,0.9766679016994643,5.150153995004997e-08
20,4800,1,0.1,0.06142130847112957,0.0037725771343056526,0.17531293909510173,0.003932962716503937,3.5321888299086517,15,8,0.017288320575659065,3.6556768416552186,0.25402328895752446,0.004182775863372393,0.690145143047951,0.9402757510733452,3.67708577399614e-07
20,4800,2,0.1,0.061128567635961334,0.0037367017812242995,0.23240316701260844,0.003673152708625607,3.6723572297524645,15,8,0.017338240587554992,3.6556768416552186,0.25402328895752446,0.004182775863372393,0.9148892133723567,0.878161495764227,5.879464916877866e-09
20,4800,3,0.1,0.0612528080310377,0.0037519064916871564,0.158400841903824,0.003590216420045597,3.528163039229618,15,8,0.016172898256017258,3.6556768416552186,0.25402328895752446,0.004182775863372393,0.6235681876015329,0.8583334458545333,3.9362985177701117e-07
20,4800,4,0.1,0.06925563547932805,0.004796343045645562,0.28970455118458255,0.00493786056893631,3.641681578921601,15,8,0.019361923366356837,3.6556768416552186,0.25402328895752446,0.004182775863372393,1.140464531317144,1.1805223923605421,4.256228487559935e-09
20,4800,5,0.1,0.06456746688871066,0.004168957780424748,0.24637043861413602,0.004241433637546042,3.6376397187513843,15,8,0.018403333697433,3.6556768416552186,0.25402328895752446,0.004182775863372393,0.9698734302087235,1.0140236474747073,7.095995442309893e-09
20,4800,6,0.1,0.06478112337957746,0.004196593946320038,0.24831671513854137,0.00417025354516872,3.6476745267875104,15,8,0.017423480369440827,3.6556768416552186,0.25402328895752446,0.004182775863372393,0.9775352337086806,0.997006218211851,1.3839009441039178e-09
20,4800,7,0.1,0.06621628449437177,0.004384596332239579,0.2744240586527654,0.004262173770158922,3.6794934051369075,15,8,0.01922970076012083,3.6556768416552186,0.25402328895752446,0.004182775863372393,1.0803106273403624,1.0189821088626332,1.1909438162917025e-08
20,4800,8,0.1,0.059840260357788236,0.0035808567596878824,0.23951310067508141,0.0035969513990020577,3.6932664440475067,15,8,0.016114287165788832,3.6556768416552186,0.25402328895752446,0.004182775863372393,0.9428785118797933,0.859943615554382,2.9303011313871336e-08
20,4800,9,0.1,0.06751470124094604,0.004558234883654201,0.3270978859297125,0.00460071940946944,3.7202539032709523,15,8,0.01779943877709228,3.6556768416552186,0.25402328895752446,0.004182775863372393,1.2876688876522928,1.0999201391011366,8.444280408275622e-08
20,4800,10,0.1,0.06764539851686156,0.004575899940505016,0.30327174691948877,0.004785660861701013,3.673002732341134,15,8,0.01975701921030072,3.6556768416552186,0.25402328895752446,0.004182775863372393,1.19387379072239,1.1441351432688387,6.3396249423995415e-09
20,4800,11,0.1,0.0627371601799309,0.003935951267442308,0.2777346430052311,0.003798782564810632,3.7318207695007577,15,8,0.018588654800189078,3.6556768416552186,0.25402328895752446,0.004182775863372393,1.0933432290598812,0.9081965395458307,1.1622016428903192e-07
20,4800,12,0.1,0.05931477328171219,0.003518242329460918,0.23028309195361138,0.0035169607335405182,3.686375143214758,15,8,0.016699155360294607,3.6556768416552186,0.25402328895752446,0.004182775863372393,0.9065432264051871,0.8408197925061525,1.966437098143434e-08
20,4800,13,0.1,0.06594118940937511,0.004348240460723084,0.23593088292039643,0.004302491954915804,3.6144370090119646,15,8,0.01919837175740923,3.6556768416552186,0.25402328895752446,0.004182775863372393,0.9287765853620088,1.0286212064556786,3.7902220040308705e-08
20,4800,14,0.1,0.06744908582207461,0.004549379178233586,0.21385634337592033,0.0045693075544442924,3.551378794608142,15,8,0.019169378349432855,3.6556768416552186,0.25402328895752446,0.004182775863372393,0.8418769170872341,1.0924103283794546,2.5743533074774915e-07
20,4800,15,0.1,0.06619592842597914,0.004381900940177354,0.29358558591232903,0.004438859435234485,3.6904977147541156,15,8,0.018640903849272094,3.6556768416552186,0.25402328895752446,0.004182775863372393,1.15574279475383,1.0612233550701475,2.5207476296357136e-08
20,4800,16,0.1,0.06444124176564622,0.004152673640298467,0.2741003253501691,0.004036395998862105,3.7013270991195144,15,8,0.0176911493603139,3.6556768416552186,0.25402328895752446,0.004182775863372393,1.079036203629352,0.9650041337877788,4.290901491592206e-08
20,4800,17,0.1,0.05886878640603285,0.003465534012919118,0.24007621508033994,0.0034404272467449654,3.7125378743780173,15,8,0.015709441333526225,3.6556768416552186,0.25402328895752446,0.004182775863372393,0.9450952944731118,0.8225224968117455,6.59149606953909e-08
20,4800,18,0.1,0.06786842325817581,0.004606122875550899,0.2737375427198703,0.004525562153443052,3.654043164232196,15,8,0.01742531377437684,3.6556768416552186,0.25402328895752446,0.004182775863372393,1.0776080565024189,1.0819518667190273,5.7342167553977794e-11
20,4800,19,0.1,0.06635889188495482,0.0044035025321991226,0.2711900169248336,0.004234027466978068,3.6773561669148513,15,8,0.018611613295337028,3.6556768416552186,0.25402328895752446,0.004182775863372393,1.067579346908541,1.0122530121813298,9.88688938370326e-09
20,9600,0,0.1,0.06336978431478918,0.004015729564102901,0.27974818931964146,0.00400061223561381,4.010690199482836,15,8,0.012452782774960858,3.9437410415247447,0.25402328895752446,0.004226969622001742,1.1012698499719784,0.9464492516790937,4.260389995429197e-08
20,9600,1,0.1,0.061248945255992594,0.0037514332949715777,0.16918544099416072,0.0037302890530811726,3.82232816113666,15,8,0.01283051788908805,3.9437410415247447,0.25402328895752446,0.004226969622001742,0.6660233464753321,0.8824972466479758,1.647122205609164e-07
20,9600,2,0.1,0.060927573328864865,0.003712169191744205,0.2334546695107096,0.003830169199719804,3.949941355834118,15,8,0.011889939853756108,3.9437410415247447,0.25402328895752446,0.004226969622001742,0.9190286074508146,0.9061265024909197,3.842643717395897e-10
20,9600,3,0.1,0.06220550590807879,0.003869524965280025,0.15565984295816032,0.00377241796685611,3.7823812893680064,15,8,0.012821516550219236,3.9437410415247447,0.25402328895752446,0.004226969622001742,0.6127778425236766,0.8924639408857704,3.0175644449164946e-07
20,9600,4,0.1,0.06917412290809521,0.004785059280104263,0.2957914008625586,0.004665597948781915,3.9672533882053473,15,8,0.012847387357852685,3.9437410415247447,0.25402328895752446,0.004226969622001742,1.1644263094003884,1.1037689801452732,5.446331354780191e-09
20,9600,5,0.1,0.06451104238409587,0.0041616745894826135,0.2455703691375849,0.004090262192786429,3.9433178274140332,15,8,0.011375871243807106,3.9437410415247447,0.25402328895752446,0.004226969622001742,0.9667238391620345,0.9676582891668444,1.8014408053376035e-12
20,9600,6,0.1,0.0655153772371103,0.004292264654520871,0.24884364864391692,0.004211038936253722,3.9363753459919946,15,8,0.01252587411213721,3.9437410415247447,0.25402328895752446,0.004226969622001742,0.9796095848736387,0.9962311804501506,5.485842242980172e-10
20,9600,7,0.1,0.06738999886242888,0.004541411946678167,0.282374000731084,0.004621223619474902,3.951036066779309,15,8,0.013342003747281332,3.9437410415247447,0.25402328895752446,0.004226969622001742,1.1116067423971512,1.093271074251642,5.314452596527283e-10
20,9600,8,0.1,0.06038404260267789,0.003646232601042019,0.23958730058361558,0.0035773138705754407,3.9915130411919915,15,8,0.011707770128507327,3.9437410415247447,0.25402328895752446,0.004226969622001742,0.9431706107217487,0.8463069741393959,2.203575695980571e-08
20,9600,9,0.1,0.0670417992984855,0.004494602853178411,0.3142970200993137,0.00453480206367486,4.006732514788337,15,8,0.012533043719625441,3.9437410415247447,0.25402328895752446,0.004226969622001742,1.2372763985111133,1.0728257993790216,3.783770444742171e-08
20,9600,10,0.1,0.06742619760427458,0.004546292123370683,0.3024410270857595,0.004500918813208643,3.9929764611009375,15,8,0.014278538261974586,3.9437410415247447,0.25402328895752446,0.004226969622001742,1.1906035400412873,1.0648098320321422,2.3378322331276693e-08
20,9600,11,0.1,0.06333100145357067,0.00401081574511217,0.27642354896128046,0.0040856564972787815,3.996015434678069,15,8,0.012165086333987956,3.9437410415247447,0.25402328895752446,0.004226969622001742,1.088181914720038,0.9665686916727734,2.6287611965422023e-08
20,9600,12,0.1,0.05832993541260001,0.003402381365238089,0.21935449813684035,0.0033376156052975473,3.983151525747492,15,8,0.011053527048437466,3.9437410415247447,0.25402328895752446,0.004226969622001742,0.8635212111339873,0.7896000926822302,1.510084545869848e-08
20,9600,13,0.1,0.06609035096451714,0.0043679344906130515,0.23931641336762244,0.004263114746358258,3.9139891446924744,15,8,0.01295363133980885,3.9437410415247447,0.25402328895752446,0.004226969622001742,0.9421042233951975,1.008551072656964,9.12296681756142e-09
20,9600,14,0.1,0.0666577456648221,0.00444325505711611,0.21067874484140897,0.004351382851599622,3.850175442306257,15,8,0.012941129261420617,3.9437410415247447,0.25402328895752446,0.004226969622001742,0.8293678335793724,1.0294331970001154,9.540615094935076e-08
20,9600,15,0.1,0.06568260519096139,0.004314204624671708,0.28919251682944247,0.004323768828083573,3.9909185805122607,15,8,0.013061220307302427,3.9437410415247447,0.25402328895752446,0.004226969622001742,1.1384488328461833,1.0229003789329316,2.1501279031473e-08
20,9600,16,0.1,0.06445199889074198,0.004154060161012205,0.2582774484685355,0.004194306053460057,3.954432594802702,15,8,0.012354938152702815,3.9437410415247447,0.25402328895752446,0.004226969622001742,1.0167471239683161,0.9922725802495318,1.1382838031455639e-09
20,9600,17,0.1,0.05923345756828814,0.0035086024954941917,0.23126972882028546,0.0035613123879132684,3.9778544007858394,15,8,0.01137602503134145,3.9437410415247447,0.25402328895752446,0.004226969622001742,0.9104272673949841,0.8425214057315031,1.1364020738232347e-08
20,9600,18,0.1,0.06735208398264315,0.004536303216805017,0.2683355314006863,0.004480868337200274,3.9421993364684957,15,8,0.01256812852422174,3.9437410415247447,0.25402328895752446,0.004226969622001742,1.0563422452401794,1.0600663685579774,2.391828703547866e-11
20,9600,19,0.1,0.06649193898737314,0.004421177950300553,0.26874478552284864,0.004351111984145723,3.955761617615879,15,8,0.012670103621063387,3.9437410415247447,0.25402328895752446,0.004226969622001742,1.0579533342227758,1.0293691162334853,1.4372615079555557e-09
20,19200,0,0.1,0.06392286283350858,0.004086132392831552,0.2844187448517529,0.004146574819556345,4.322516531472705,15,8,0.00854518261721474,4.264243154047731,0.25402328895752446,0.004184630780696317,1.119656178057402,0.9909057780400785,1.4934931155186e-08
20,19200,1,0.1,0.06059749561503717,0.003672056474814449,0.170844734009643,0.003693712945676695,4.137349280458287,15,8,0.007732500594984999,4.264243154047731,0.25402328895752446,0.004184630780696317,0.6725553972266305,0.8826855078148774,8.206337246086738e-08
20,19200,2,0.1,0.06148584259231781,0.003780508839287283,0.23612577268682797,0.0038129971591227383,4.273702006414623,15,8,0.00824033344638309,4.264243154047731,0.25402328895752446,0.004184630780696317,0.9295437975622418,0.9111908215922125,4.0853923339122917e-10
20,19200,3,0.1,0.06198212376118718,0.003841783665947125,0.15297631280958282,0.0037947209864968314,4.074642461634895,15,8,0.008764024828136924,4.264243154047731,0.25402328895752446,0.004184630780696317,0.6022137318092995,0.9068233699378838,1.9322070044975356e-07
20,19200,4,0.1,0.068568721181775,0.004701669524503999,0.29246229186479356,0.004698067251198617,4.27618882679127,15,8,0.00893119546290194,4.264243154047731,0.25402328895752446,0.004184630780696317,1.1513207826928678,1.1226957639538429,6.503357527113751e-10
20,19200,5,0.1,0.064066598787848,0.0041045290802430865,0.2422545805774728,0.004073106408487843,4.254576966856904,15,8,0.00917675538224502,4.264243154047731,0.25402328895752446,0.004184630780696317,0.953670750314474,0.9733490532252129,4.3306459870121267e-10
20,19200,6,0.1,0.06516130840173266,0.004245996112625715,0.2462763927651198,0.0041436665068495995,4.254241446218418,15,8,0.009201406395666977,4.264243154047731,0.25402328895752446,0.004184630780696317,0.9695032049061454,0.9902107793988217,4.637727325925659e-10
20,19200,7,0.1,0.06663503105498449,0.004440227363698747,0.27266992600862683,0.004418392425397414,4.272057903738982,15,8,0.00892149759407508,4.264243154047731,0.25402328895752446,0.004184630780696317,1.0734052264563045,1.055861952213189,2.7921808209996086e-10
20,19200,8,0.1,0.060902979215652145,0.003709172877342157,0.23982060261935795,0.003633869593035395,4.304030968151118,15,8,0.008003195490307206,4.264243154047731,0.25402328895752446,0.004184630780696317,0.9440890384639443,0.8683847592476783,7.061311338579665e-09
20,19200,9,0.1,0.06658978108973526,0.004434198945578864,0.30698254887626897,0.004409678132495941,4.329642164949147,15,8,0.008951633773594429,4.264243154047731,0.25402328895752446,0.004184630780696317,1.2084819078442839,1.0537795001742487,1.8709422606578936e-08
20,19200,10,0.1,0.06651368637936364,0.004424070475772344,0.2984435158245437,0.004418872539973595,4.315093563351378,15,8,0.008943286974989166,4.264243154047731,0.25402328895752446,0.004184630780696317,1.174866749616988,1.055976685053753,1.1436769262718579e-08
20,19200,11,0.1,0.06309069042581016,0.003980435218405414,0.2735357752185586,0.004008894080875579,4.319996789229849,15,8,0.008646086199751622,4.264243154047731,0.25402328895752446,0.004184630780696317,1.0768137690883013,0.9580042519805068,1.3697471355391528e-08
20,19200,12,0.1,0.05936893692680265,0.0035246706718186716,0.2241468237094622,0.003532652137594643,4.285258039013122,15,8,0.008889656475806683,4.264243154047731,0.25402328895752446,0.004184630780696317,0.8823869048752536,0.8441968533737199,1.998553941091175e-09
20,19200,13,0.1,0.06513378982797373,0.004242410577354654,0.23734396806869756,0.004259708637774479,4.223831783201041,15,8,0.00891723622491722,4.264243154047731,0.25402328895752446,0.004184630780696317,0.9343394026694306,1.0179413336594703,7.755754374641363e-09
20,19200,14,0.1,0.06752568319765274,0.0045597178913097626,0.21158260273104457,0.004468288851589588,4.148160467756036,15,8,0.009235547684876715,4.264243154047731,0.25402328895752446,0.004184630780696317,0.8329260029635454,1.0677856866612425,6.80605746176316e-08
20,19200,15,0.1,0.06551434029383585,0.004292128784136523,0.2906446591095853,0.004344097391656382,4.31058298360522,15,8,0.009983339900225709,4.264243154047731,0.25402328895752446,0.004184630780696317,1.1441654042916685,1.038107689618803,9.530540345355562e-09
20,19200,16,0.1,0.06424057116836664,0.004126850984037978,0.26225362490276755,0.0041790865482251955,4.280008107938856,15,8,0.008506337470658683,4.264243154047731,0.25402328895752446,0.004184630780696317,1.03239992671152,0.9986750963796623,1.1293110144503817e-09
20,19200,17,0.1,0.059666916049989416,0.0035601408709164846,0.23846023866808094,0.0035513122914885864,4.312308497646962,15,8,0.008372387330298466,4.264243154047731,0.25402328895752446,0.004184630780696317,0.9387337658948041,0.8486560649199385,1.024001882378404e-08
20,19200,18,0.1,0.06763540566011798,0.00457454809880872,0.27214804558430894,0.004555143560898182,4.2567076017060295,15,8,0.009657054729294597,4.264243154047731,0.25402328895752446,0.004184630780696317,1.0713507674873666,1.0885413312713368,2.627513177804017e-10
20,19200,19,0.1,0.06596817627753288,0.004351800281383651,0.2617701851499291,0.004426331973176714,4.251889166299347,15,8,0.009295809116267185,4.264243154047731,0.25402328895752446,0.004184630780696317,1.0304967950938546,1.0577592636357225,7.088837658355044e-10
